{"flutter":{"platforms":{"android":{"default":{"projectId":"cabwayproject","appId":"1:296079867649:android:92033d88e57a7ef773a500","fileOutput":"android/app/google-services.json"}},"dart":{"lib/firebase_options.dart":{"projectId":"cabwayproject","configurations":{"android":"1:296079867649:android:92033d88e57a7ef773a500","ios":"1:296079867649:ios:2060891945e63f7373a500","macos":"1:296079867649:ios:2060891945e63f7373a500","web":"1:296079867649:web:bcf804287496a79a73a500","windows":"1:296079867649:web:62a75c2b99501c9973a500"}}}}}}